{
  "organized-v1/02-\u5f53\u4e0b\u6027\u54f2\u5b66.md": 1776398848.0403357,
  "organized-v1/24-\u533a\u95f4\u5957\u7cbe\u786e\u5b9a\u4f4d.md": 1776398848.0502908,
  "organized-v1/09-\u4e2d\u67a2\u9707\u8361\u4e0e\u5ef6\u4f38.md": 1776398848.0438547,
  "organized-v1/26-\u8d44\u91d1\u7ba1\u7406\u4e0e\u6b62\u635f.md": 1776398848.051091,
  "organized-v1/20-\u7b2c\u4e8c\u7c7b\u4e70\u5356\u70b9.md": 1776398848.0485477,
  "organized-v1/13-\u7ea7\u522b\u81ea\u7ec4\u7ec7\u4e0e\u81ea\u76f8\u4f3c\u6027.md": 1776398848.045735,
  "organized-v1/06-\u7ebf\u6bb5.md": 1776398848.0423262,
  "organized-v1/21-\u7b2c\u4e09\u7c7b\u4e70\u5356\u70b9.md": 1776398848.0489676,
  "organized-v1/07-\u4e2d\u67a2\u5b9a\u4e49\u4e0e\u8ba1\u7b97.md": 1776398848.042778,
  "organized-v1/10-\u4e2d\u67a2\u4e2d\u5fc3\u5b9a\u7406.md": 1776398848.0444243,
  "organized-v1/22-\u4e09\u7c7b\u4e70\u5356\u70b9\u5b8c\u5907\u6027.md": 1776398848.0494463,
  "organized-v1/18-\u80cc\u9a70\u7ea7\u522b\u4e0e\u8f6c\u6298.md": 1776398848.0476897,
  "organized-v1/04-\u5206\u578b.md": 1776398848.0413895,
  "organized-v1/05-\u7b14.md": 1776398848.041838,
  "organized-v1/25-\u64cd\u4f5c\u7ea7\u522b\u9009\u62e9.md": 1776398848.0506794,
  "organized-v1/19-\u7b2c\u4e00\u7c7b\u4e70\u5356\u70b9.md": 1776398848.04818,
  "organized-v1/11-\u8d70\u52bf\u4e09\u5927\u7c7b\u578b.md": 1776398848.0448835,
  "organized-v1/08-\u4e2d\u67a2\u7ea7\u522b\u6269\u5f20.md": 1776398848.0434022,
  "organized-v1/23-\u5747\u7ebf\u543b\u7406\u8bba.md": 1776398848.0497978,
  "organized-v1/27-\u725b\u718a\u5e02\u5224\u65ad\u4e0e\u5927\u8d44\u91d1\u7b56\u7565.md": 1776398848.0515494,
  "organized-v1/16-\u76d8\u6574\u80cc\u9a70vs\u8d8b\u52bf\u80cc\u9a70.md": 1776398848.046917,
  "organized-v1/12-\u8d70\u52bf\u5206\u89e3\u5b9a\u7406.md": 1776398848.0452292,
  "organized-v1/01-\u5e02\u573a\u672c\u8d28\u4e0e\u7ecf\u6d4e\u4eba\u539f\u5219.md": 1776398848.0397837,
  "organized-v1/29-\u5b9e\u6218\u6848\u4f8b\u7cbe\u89e3.md": 1776398848.0524006,
  "organized-v1/15-\u80cc\u9a70\u5b9a\u4e49.md": 1776398848.0464334,
  "organized-v1/28-\u53cd\u5e84\u64cd\u4f5c.md": 1776398848.0519674,
  "organized-v1/03-\u8d2a\u55d4\u75f4\u4e0e\u4eba\u6027\u9677\u9631.md": 1776398848.0408742,
  "organized-v1/14-\u540c\u7ea7\u522b\u5206\u89e3.md": 1776398848.0460806,
  "organized-v1/17-MACD\u8f85\u52a9\u5224\u65ad.md": 1776398848.0473158,
  "organized-v1/pic/0449.png": 1776398881.1528065,
  "organized-v1/pic/0511_1.png": 1776398881.156003,
  "organized-v1/pic/0511_2.png": 1776398881.1576688,
  "organized-v1/pic/0408_2.png": 1776398881.1437867,
  "organized-v1/pic/0408_3.png": 1776398881.1443722,
  "organized-v1/pic/0552_1.jpg": 1776398881.1661828,
  "organized-v1/pic/0552_3.jpg": 1776398881.1678982,
  "organized-v1/pic/0408_1.png": 1776398881.1430342,
  "organized-v1/pic/0552_2.jpg": 1776398881.1671112,
  "organized-v1/pic/0398_3.png": 1776398881.1422522,
  "organized-v1/pic/0614.jpg": 1776398881.1721787,
  "organized-v1/pic/0398_2.png": 1776398881.14158,
  "organized-v1/pic/0637_1.jpg": 1776398881.1741939,
  "organized-v1/pic/0428.png": 1776398881.147287,
  "organized-v1/pic/0637_2.jpg": 1776398881.1755583,
  "organized-v1/pic/0398_1.png": 1776398881.1406672,
  "organized-v1/pic/0436_3.png": 1776398881.1496985,
  "organized-v1/pic/0558.jpg": 1776398881.1701293,
  "organized-v1/pic/0571.jpg": 1776398881.1716743,
  "organized-v1/pic/0436_2.png": 1776398881.1488883,
  "organized-v1/pic/0767.jpg": 1776398881.17714,
  "organized-v1/pic/0567.jpg": 1776398881.1705856,
  "organized-v1/pic/0639.jpg": 1776398881.176033,
  "organized-v1/pic/0412.png": 1776398881.145049,
  "organized-v1/pic/0436_1.png": 1776398881.1480155,
  "organized-v1/pic/0440_3.png": 1776398881.1515956,
  "organized-v1/pic/0440_2.png": 1776398881.1509151,
  "organized-v1/pic/0556.jpg": 1776398881.1688938,
  "organized-v1/pic/0542.png": 1776398881.162008,
  "organized-v1/pic/0440_1.png": 1776398881.150287,
  "organized-v1/pic/0541.png": 1776398881.1601825,
  "organized-v1/pic/0800.png": 1776398881.177877,
  "organized-v1/pic/0627.jpg": 1776398881.1732016,
  "organized-v1/pic/0394.png": 1776398881.139973,
  "organized-v1/pic/0440_4.png": 1776398881.152102,
  "organized-v1/pic/0545_1.jpg": 1776398881.1630676,
  "organized-v1/pic/0469.png": 1776398881.1540208,
  "organized-v1/pic/0535.png": 1776398881.1587348,
  "organized-v1/pic/0545_2.png": 1776398881.165074,
  "organized-v1/pic/0424_2.png": 1776398881.1465087,
  "organized-v1/pic/0902.png": 1776398881.1784086,
  "organized-v1/pic/0424_1.png": 1776398881.1456664,
  "organized-v1/pic/0478.png": 1776398881.1547463
}