{
  "organized-v2/00-\u603b\u8bba.md": 1776481793.5691986,
  "organized-v2/P8-\u9ad8\u9636\u5e94\u7528/P8-30-\u5b9e\u6218\u6848\u4f8b\u7cbe\u89e3.md": 1776458398.2116327,
  "organized-v2/P8-\u9ad8\u9636\u5e94\u7528/P8-29-\u53cd\u5e84\u64cd\u4f5c.md": 1776457634.2874608,
  "organized-v2/P8-\u9ad8\u9636\u5e94\u7528/P8-28-\u725b\u718a\u5e02\u5224\u65ad\u4e0e\u5927\u8d44\u91d1\u7b56\u7565.md": 1776458382.865845,
  "organized-v2/P2-\u5f62\u6001\u5b66\u57fa\u7840/P2-06-\u7ebf\u6bb5.md": 1776521719.9283416,
  "organized-v2/P2-\u5f62\u6001\u5b66\u57fa\u7840/P2-07-\u5f62\u6001\u5b66\u603b\u8bba\u4e0e\u9012\u5f52\u51fd\u6570.md": 1776458412.2202077,
  "organized-v2/P2-\u5f62\u6001\u5b66\u57fa\u7840/P2-04-\u5206\u578b.md": 1776535078.2442822,
  "organized-v2/P2-\u5f62\u6001\u5b66\u57fa\u7840/P2-05-\u7b14.md": 1776458424.4130156,
  "organized-v2/P5-\u80cc\u9a70\u7406\u8bba/P5-16-\u80cc\u9a70.md": 1776541305.233667,
  "organized-v2/P5-\u80cc\u9a70\u7406\u8bba/P5-18-MACD\u8f85\u52a9\u5224\u65ad\u80cc\u9a70.md": 1776534649.4957352,
  "organized-v2/P5-\u80cc\u9a70\u7406\u8bba/P5-19-\u80cc\u9a70\u7684\u7ea7\u522b\u4e0e\u8f6c\u6298.md": 1776529451.344026,
  "organized-v2/P5-\u80cc\u9a70\u7406\u8bba/P5-17-\u76d8\u6574\u80cc\u9a70\u4e0e\u8d8b\u52bf\u80cc\u9a70.md": 1776541296.4201066,
  "organized-v2/P4-\u8d70\u52bf\u4e0e\u7ea7\u522b/P4-13-\u8d70\u52bf\u5206\u89e3\u5b9a\u7406.md": 1776534642.5068016,
  "organized-v2/P4-\u8d70\u52bf\u4e0e\u7ea7\u522b/P4-12-\u8d70\u52bf\u7684\u4e09\u5927\u7c7b\u578b.md": 1776541310.80107,
  "organized-v2/P4-\u8d70\u52bf\u4e0e\u7ea7\u522b/P4-15-\u540c\u7ea7\u522b\u5206\u89e3.md": 1776521810.8250864,
  "organized-v2/P4-\u8d70\u52bf\u4e0e\u7ea7\u522b/P4-14-\u7ea7\u522b\u81ea\u7ec4\u7ec7\u4e0e\u81ea\u76f8\u4f3c\u6027.md": 1776458202.3992743,
  "organized-v2/\u9644\u5f55/D-\u72b6\u6001\u6761\u4ef6\u901f\u67e5.md": 1776481593.6221116,
  "organized-v2/\u9644\u5f55/B-\u5b9a\u7406\u7d22\u5f15.md": 1776481071.1033504,
  "organized-v2/\u9644\u5f55/A-\u5b9a\u4e49\u901f\u67e5.md": 1776480755.4959023,
  "organized-v2/\u9644\u5f55/E-\u539f\u6587\u7d22\u5f15.md": 1776481645.4317086,
  "organized-v2/\u9644\u5f55/C-\u64cd\u4f5c\u89c4\u5219\u603b\u8868.md": 1776481479.4265687,
  "organized-v2/P1-\u8ba4\u77e5\u57fa\u7840\u4e0e\u4ea4\u6613\u54f2\u5b66/P1-01-\u5e02\u573a\u672c\u8d28\u4e0e\u7ecf\u6d4e\u4eba\u539f\u5219.md": 1776458145.4741154,
  "organized-v2/P1-\u8ba4\u77e5\u57fa\u7840\u4e0e\u4ea4\u6613\u54f2\u5b66/P1-03-\u8d2a\u55d4\u75f4\u4e0e\u4eba\u6027\u9677\u9631.md": 1776457237.2249932,
  "organized-v2/P1-\u8ba4\u77e5\u57fa\u7840\u4e0e\u4ea4\u6613\u54f2\u5b66/P1-02-\u5f53\u4e0b\u6027\u54f2\u5b66.md": 1776458157.8718436,
  "organized-v2/P6-\u4e70\u5356\u70b9\u4f53\u7cfb/P6-23-\u4e09\u7c7b\u4e70\u5356\u70b9\u7684\u5b8c\u5907\u6027.md": 1776458345.808237,
  "organized-v2/P6-\u4e70\u5356\u70b9\u4f53\u7cfb/P6-21-\u7b2c\u4e8c\u7c7b\u4e70\u5356\u70b9.md": 1776531233.970898,
  "organized-v2/P6-\u4e70\u5356\u70b9\u4f53\u7cfb/P6-20-\u7b2c\u4e00\u7c7b\u4e70\u5356\u70b9.md": 1776529468.5865414,
  "organized-v2/P6-\u4e70\u5356\u70b9\u4f53\u7cfb/P6-22-\u7b2c\u4e09\u7c7b\u4e70\u5356\u70b9.md": 1776531927.5044036,
  "organized-v2/P7-\u64cd\u4f5c\u7cfb\u7edf/P7-26-\u64cd\u4f5c\u7ea7\u522b\u9009\u62e9.md": 1776458366.637759,
  "organized-v2/P7-\u64cd\u4f5c\u7cfb\u7edf/P7-25-\u533a\u95f4\u5957\u7cbe\u786e\u5b9a\u4f4d.md": 1776521847.8016949,
  "organized-v2/P7-\u64cd\u4f5c\u7cfb\u7edf/P7-27-\u8d44\u91d1\u7ba1\u7406\u4e0e\u6b62\u635f.md": 1776457598.0673792,
  "organized-v2/P7-\u64cd\u4f5c\u7cfb\u7edf/P7-24-\u5747\u7ebf\u543b\u7406\u8bba.md": 1776458240.007018,
  "organized-v2/P3-\u4e2d\u67a2\u7406\u8bba/P3-09-\u4e2d\u67a2\u7684\u7ea7\u522b\u6269\u5f20.md": 1776527725.8552675,
  "organized-v2/P3-\u4e2d\u67a2\u7406\u8bba/P3-11-\u4e2d\u67a2\u4e2d\u5fc3\u5b9a\u7406.md": 1776534615.0405796,
  "organized-v2/P3-\u4e2d\u67a2\u7406\u8bba/P3-10-\u4e2d\u67a2\u9707\u8361.md": 1776534660.2716873,
  "organized-v2/P3-\u4e2d\u67a2\u7406\u8bba/P3-08-\u8d70\u52bf\u4e2d\u67a2.md": 1776512805.5197182
}